date,Altcoin Market Cap,Bitcoin Market Cap,Total Market Cap
1483250400,2180105614,16285846732,18465952346
1483336800,2268124509,16516765204,18784889713
1483423200,2500927868,17215794090,19716721958
1483509600,2741118891,19080681906,21821800797
1483596000,2482094306,16102132440,18584226746
1483682400,2196564490,13460977927,15657542417
1483768800,2312686154,14982779966,17295466120
1483855200,2321823206,14328094466,16649917672
1483941600,2370293670,14581176639,16951470309
1484028000,2425907959,14746576382,17172484341
1484114400,2119987541,12165451189,14285438730
1484200800,2204302498,12593007185,14797309683
1484287200,2246733517,13228553688,15475287205
1484373600,2263812874,13111892097,15375704971
1484460000,2283014115,13397481669,15680495784
1484546400,2317150299,14232418581,16549568880
1484632800,2370201640,14460007855,16830209495
1484719200,2370200938,14324120263,16694321201
1484805600,2431478591,14447251306,16878729897
1484892000,2447955309,14815873611,17263828920
1484978400,2495029674,15086437610,17581467284
1485064800,2463045490,14881058262,17344103752
1485151200,2458810808,14819388080,17278198888
1485237600,2424909837,14512504718,16937414555
1485324000,2440045133,14563129351,17003174484
1485410400,2476022004,14871434671,17347456675
1485496800,2478290614,14878693933,17356984547
1485583200,2492902031,14885498426,17378400457
1485669600,2510349499,14882586386,17392935885
1485756000,2537086641,15054190663,17591277304
1485842400,2587565030,15839704610,18427269640
1485928800,2591842653,15993221715,18585064368
1486015200,2632861823,16582562829,19215424652
1486101600,2704916826,16573555400,19278472226
1486188000,2695695094,16823972465,19519667559
1486274400,2700426645,16783891010,19484317655
1486360800,2762848945,17104684051,19867532996
1486447200,2778135200,17414654013,20192789213
1486533600,2716756098,17223892168,19940648266
1486620000,2561074440,15683863230,18244937670
1486706400,2641463533,16187297540,18828761073
1486792800,2608330691,16148092614,18756423305
1486879200,2637389410,16182239337,18819628747
1486965600,2693008985,16150725099,18843734084
1487052000,2790160881,16189726416,18979887297
1487138400,2799728334,16403703111,19203431445
1487224800,2812720097,16685570358,19498290455
1487311200,2808988626,17106502761,19915491387
1487397600,2801408779,17090265242,19891674021
1487484000,2769399125,16969174453,19738573578
1487570400,2718035176,17534090709,20252125885
1487656800,2720525404,17864608369,20585133773
1487743200,2760276346,18143568647,20903844993
1487829600,2753662194,18536042298,21289704492
1487916000,2789992240,18889787154,21679779394
1488002400,2836449590,18658959292,21495408882
1488088800,2940549928,18935553036,21876102964
1488175200,3052000197,19072952316,22124952513
1488261600,3125360190,19132402478,22257762668
1488348000,3341328949,19746374069,23087703018
1488434400,3665218760,20398229435,24063448195
1488520800,3689046544,20649507152,24338553696
1488607200,3536830259,20073247575,23610077834
1488693600,3662675134,20606259262,24268934396
1488780000,3668832256,20474988863,24143821119
1488866400,3474620728,19081329446,22555950174
1488952800,3403327757,18983522968,22386850725
1489039200,3517638279,19172644400,22690282679
1489125600,3653245217,19057112624,22710357841
1489212000,4133699202,19110277834,23243977036
1489298400,4571731613,19770931756,24342663369
1489381200,4952983275,19836556179,24789539454
1489467600,5020539710,20211634468,25232174178
1489554000,6304483246,20084163293,26388646539
1489640400,7608536942,18490541394,26099078336
1489726800,6253769417,17580498147,23834267564
1489813200,6287953765,16367632843,22655586608
1489899600,6871369221,16930643009,23802012230
1489986000,6759619418,17677116770,24436736188
1490072400,6761018624,17931987809,24693006433
1490158800,6643069378,16828494570,23471563948
1490245200,6928211072,16492023460,23420234532
1490331600,7542298296,14689267925,22231566221
1490418000,7504309025,15733068468,23237377493
1490504400,7727996546,15951960234,23679956780
1490590800,7484062817,16883526424,24367589241
1490677200,7738100923,16628989286,24367090209
1490763600,7991468528,16907678552,24899147080
1490850000,8210684592,16925915086,25136599678
1490936400,8307069774,17397396369,25704466143
1491022800,8434519630,17479434125,25913953755
1491109200,8817631408,18444351674,27261983082
1491195600,8287415852,18629019580,26916435432
1491282000,8770388012,18357356540,27127744552
1491368400,8519012055,18617553216,27136565271
1491454800,8286879360,19002108050,27288987410
1491541200,8384797662,19112732643,27497530305
1491627600,8536884313,19156378437,27693262750
1491714000,8314873386,19273419116,27588292502
1491800400,8440168328,19332782216,27772950544
1491886800,8423942327,19592847023,28016789350
1491973200,9137326176,19586761157,28724087333
1492059600,9168349225,19174300690,28342649915
1492146000,9048533334,19029302582,28077835916
1492232400,9420570600,19192185034,28612755634
1492318800,9277095567,19190903300,28467998867
1492405200,9383261741,19686594688,29069856429
1492491600,9684695015,19770121220,29454816235
1492578000,9428697234,19701739776,29130437010
1492664400,9469440778,20022972281,29492413059
1492750800,9491427932,19907450873,29398878805
1493269200,12392057297,21604985177,33997042474
1493355600,13440942512,21614217185,35055159697
1493442000,13844523796,21455092113,35299615909
1493528400,15428576980,22334344088,37762921068
1493614800,14834197274,23410293261,38244490535
1493701200,14843073102,23787497034,38630570136
1493787600,16353150768,24512908728,40866059496
1493874000,19314764082,25749166022,45063930104
1493960400,19848149914,25485772689,45333922603
1494046800,20434599885,25819361804,46253961689
1494133200,24114426462,26674257224,50788683686
1494219600,23141030332,28466472303,51607502635
1494306000,24322334599,28413685016,52736019615
1494392400,22536389290,29623597333,52159986623
1494478800,24166240853,29276867576,53443108429
1494565200,24576935716,27579357250,52156292966
1494651600,25475323123,29406535920,54881859043
1494738000,25945124867,28924702377,54869827244
1494824400,28270889432,27860625425,56131514857
1494910800,32885291765,28178142650,61063434415
1494997200,31445206158,30058435173,61503641331
1495083600,34153856021,31374575909,65528431930
1495170000,35501166657,32595690453,68096857110
1495256400,37895696104,33964469429,71860165533
1495342800,41792628166,35263863473,77056491639
1495429200,41740021682,36803520187,78543541869
1495515600,47474300261,38839413440,86313713701
1495602000,41866919965,42136526498,84003446463
1495688400,44691645349,40553602477,85245247826
1495774800,33459326338,33969763029,67429089367
1495861200,38141114109,35510563688,73651677797
1495947600,36060862531,34719871682,70780734213
1496034000,42350852410,37272511738,79623364148
1496120400,41624432183,35646415448,77270847631
1496206800,47191769140,38696092164,85887861304
1496293200,49083289258,39714856689,88798145947
1496379600,48171874837,39770114137,87941988974
1496466000,49362180261,41042953088,90405133349
1496552400,52013101368,41907680117,93920781485
1496638800,53446191266,46287224590,99733415856
1496725200,55180691549,46576879805,1.01758E+11
1496811600,54480720655,45421815896,99902536551
1496898000,56039207627,46290979918,1.0233E+11
1496984400,58421445358,46493661931,1.04915E+11
1497070800,61874515778,47137829467,1.09012E+11
1497157200,65070667094,48962493042,1.14033E+11
1497243600,66497852667,43960417611,1.10458E+11
1497330000,70419919826,45056740475,1.15477E+11
1497416400,63405123770,40596114055,1.04001E+11
1497502800,63922727656,40196994059,1.0412E+11
1497589200,66727719858,41770041596,1.08498E+11
1497675600,69116069179,43325895701,1.12442E+11
1497762000,69330501154,42365276005,1.11696E+11
1497848400,71046830483,43073158947,1.1412E+11
1497934800,68755226807,45333013802,1.14088E+11
1498021200,65777078806,43400922653,1.09178E+11
1498107600,66467410398,44608225763,1.11076E+11
1498194000,69653918199,44999602277,1.14654E+11
1498280400,66243767607,42851106588,1.09095E+11
1498366800,62564532935,42423107167,1.04988E+11
1498453200,56688715394,40850649348,97539364742
1498539600,57505763406,41257316777,98763080183
1498626000,64124894596,42243152927,1.06368E+11
1498712400,60015431019,41475290603,1.01491E+11
1498798800,57511525250,40592704824,98104230074
1498885200,53804065832,39487240982,93291306814
1498971600,57955556065,41145107639,99100663704
1499058000,59707944804,42956837483,1.02665E+11
1499144400,58398907537,41960728293,1.0036E+11
1499230800,58003950785,42639184038,1.00643E+11
1499317200,57391113147,42479463330,99870576477
1499403600,52253418954,41417008056,93670427010
1499490000,54248644107,42285969144,96534613251
1499576400,51463057265,41394447903,92857505168
1499662800,41628174273,38343626628,79971800901
1499749200,42345463085,38295607252,80641070337
1499835600,47814906022,39676682996,87491589018
1499922000,44583800282,38434150360,83017950642
1500008400,40937825023,35188741694,76126566717
1500094800,37158274544,33243994156,70402268700
1500181200,36716872988,32886241225,69603114213
1500267600,40544762657,36108412725,76653175382
1500354000,46491137408,38319547945,84810685353
1500440400,44259845352,38468521943,82728367295
1500526800,48909136225,45330675400,94239811625
1500613200,48252130428,44452397808,92704528236
1500699600,50388133143,45346196618,95734329761
1500786000,48875528612,45131247228,94006775840
1500872400,49073880526,45370885223,94444765749
1500958800,43784726915,41585448911,85370175826
1501045200,44961636701,42487189187,87448825888
1501131600,44522054361,44267671095,88789725456
1501218000,40974128949,44654722780,85628851729
1501304400,43967075474,44790672802,88757748276
1501390800,42466254905,44879547089,87345801994
1501477200,45547304990,47515093461,93062398451
1501563600,53446691275,44918858430,98365549705
1501650000,55672811275,44909454737,1.00582E+11
1501736400,55570350852,45624815164,1.01195E+11
1501822800,55230036471,52023848940,1.07254E+11
1501909200,58420216005,52858249238,1.11278E+11
1501995600,59151624638,53145516940,1.12297E+11
1502082000,63209079238,56883536255,1.20093E+11
1502168400,67722366317,55740019676,1.23462E+11
1502254800,65706131602,55342460056,1.21049E+11
1502341200,67828085557,56971025028,1.24799E+11
1502427600,70381851517,61145388469,1.31527E+11
1502514000,67713731178,66693452187,1.34407E+11
1502600400,69374879207,66580995195,1.35956E+11
1502686800,66956899321,72712565937,1.39669E+11
1502773200,65987513509,66492095619,1.3248E+11
1502859600,69414097735,71592846754,1.41007E+11
1502946000,72246398038,71002236010,1.43249E+11
1503032400,73386088629,67171764548,1.40558E+11
1503118800,76499922358,68561632885,1.45062E+11
1503205200,76622025142,66488449165,1.4311E+11
1503291600,75102211860,63502749023,1.38605E+11
1503378000,82453594328,68026835138,1.5048E+11
1503464400,81960845278,68768384303,1.50729E+11
1503550800,81569102392,71270627844,1.5284E+11
1503637200,82622019490,71671646094,1.54294E+11
1503723600,83675485103,72365562206,1.56041E+11
1503810000,84174768007,70328195047,1.54503E+11
1503896400,87916919648,72350747270,1.60268E+11
1503982800,90124907282,76289040487,1.66414E+11
1504069200,91304900443,76005435505,1.6731E+11
1504155600,94027188572,77367035340,1.71394E+11
1504242000,91004139022,77655959085,1.6866E+11
1504328400,90832431539,77318937612,1.68151E+11
1504414800,85533046140,74455390865,1.59988E+11
1504501200,71288630151,67293542267,1.38582E+11
1504587600,82262842426,73819001823,1.56082E+11
1504674000,84428115720,74999627166,1.59428E+11
1504760400,86896168132,76180357869,1.63077E+11
1504846800,78377538330,70938213405,1.49316E+11
1504933200,71181596213,66394822964,1.37576E+11
1505019600,75730146889,69138983349,1.44869E+11
1505106000,79845370748,71484453091,1.5133E+11
1505192400,72894527802,66761808626,1.39656E+11
1505278800,69668446647,63258837358,1.32927E+11
1505365200,56648876961,52996781890,1.09646E+11
1505451600,64941067182,61789777560,1.26731E+11
1505538000,61209468952,58364418858,1.19574E+11
1505624400,69005212916,62228836816,1.31234E+11
1505710800,69733870334,65317387427,1.35051E+11
1505797200,70130138791,65247124221,1.35377E+11
1505883600,69030580394,64361026376,1.33392E+11
1505970000,65710818373,62095322432,1.27806E+11
1506056400,65458047437,61679535435,1.27138E+11
1506142800,67147285058,61394421140,1.28542E+11
1506229200,68257266912,62824403738,1.31082E+11
1506315600,70037719600,64418861067,1.34457E+11
1506402000,71132665141,65345626449,1.36478E+11
1506488400,75720234001,70270294281,1.45991E+11
1506574800,70167333940,67246885877,1.37414E+11
1506661200,74370964627,70767004774,1.45138E+11
1506747600,74343313176,71681049219,1.46024E+11
1506834000,75432523783,73639026475,1.49072E+11
1506920400,72992974520,71968221680,1.44961E+11
1507006800,73334936312,72040014103,1.45375E+11
1507093200,71314138206,69404614210,1.40719E+11
1507179600,74335625854,72801905745,1.47138E+11
1507266000,74906310937,72380030812,1.47286E+11
1507352400,75513213252,73840812615,1.49354E+11
1507438800,74019584386,75908433598,1.49928E+11
1507525200,72220614205,80394182865,1.52615E+11
1507611600,74188498696,79440183612,1.53629E+11
1507698000,74562604204,81516144022,1.56079E+11
1507784400,76212654445,92533318790,1.68746E+11
1507870800,78816884911,93020666625,1.71838E+11
1507957200,79078668474,95947922359,1.75027E+11
1508043600,79451934413,93494344202,1.72946E+11
1508130000,77606629602,94754939384,1.72362E+11
1508216400,74150664493,89534938958,1.63686E+11
1508302800,74305087227,93268148718,1.67573E+11
1508389200,74023052230,94074293801,1.68097E+11
1508475600,71707459668,1.01132E+11,1.72839E+11
1508562000,71754386358,97563211251,1.69318E+11
1508648400,70180268501,98918020445,1.69098E+11
1508734800,73768176742,96134251132,1.69902E+11
1508821200,72704017370,92282959012,1.64987E+11
1508907600,72517386402,95337517755,1.67855E+11
1508994000,72364578702,97304637648,1.69669E+11
1509080400,72593796504,96460883081,1.69055E+11
1509166800,73419123157,96092266967,1.69511E+11
1509253200,75583507690,1.02076E+11,1.7766E+11
1509339600,75953836522,1.02542E+11,1.78496E+11
1509426000,74869494920,1.07056E+11,1.81925E+11
1509512400,72037592218,1.16496E+11,1.88534E+11
1509598800,76036662599,1.20995E+11,1.97032E+11
1509685200,75079071866,1.19796E+11,1.94875E+11
1509771600,75850677662,1.2451E+11,2.00361E+11
1509858000,75373375206,1.2193E+11,1.97303E+11
1509948000,77186661944,1.20037E+11,1.97224E+11
1510034400,78868327142,1.22675E+11,2.01543E+11
1510120800,81258718460,1.2312E+11,2.04379E+11
1510207200,83997578963,1.20132E+11,2.0413E+11
1510293600,83085701883,1.10876E+11,1.93962E+11
1510380000,1.04328E+11,1.03755E+11,2.08083E+11
1510466400,90495259407,1.04442E+11,1.94937E+11
1510552800,92433153485,1.10435E+11,2.02868E+11
1510639200,95889710326,1.15454E+11,2.11344E+11
1510725600,92672989117,1.23069E+11,2.15742E+11
1510812000,93448537858,1.28017E+11,2.21466E+11
1510898400,96932531009,1.28333E+11,2.25266E+11
1510984800,1.00186E+11,1.28886E+11,2.29072E+11
1511071200,1.00637E+11,1.33763E+11,2.344E+11
1511157600,1.0042E+11,1.34171E+11,2.34591E+11
1511244000,1.02622E+11,1.36994E+11,2.39616E+11
1511330400,1.10833E+11,1.37261E+11,2.48094E+11
1511416800,1.14408E+11,1.36645E+11,2.51053E+11
1511503200,1.22814E+11,1.39212E+11,2.62026E+11
1511589600,1.29013E+11,1.50324E+11,2.79337E+11
1511676000,1.36961E+11,1.62926E+11,2.99887E+11
1511762400,1.37654E+11,1.66314E+11,3.03968E+11
1511848800,1.40041E+11,1.78006E+11,3.18047E+11
1511935200,1.27709E+11,1.71572E+11,2.99281E+11
1512021600,1.24788E+11,1.63037E+11,2.87825E+11
1512108000,1.39147E+11,1.85338E+11,3.24485E+11
1512194400,1.42414E+11,1.87817E+11,3.30231E+11
1512280800,1.46594E+11,1.93484E+11,3.40078E+11
1512367200,1.49179E+11,1.97254E+11,3.46433E+11
1512453600,1.53884E+11,2.13632E+11,3.67516E+11
1512540000,1.44725E+11,2.46893E+11,3.91618E+11
1512626400,1.46538E+11,2.80644E+11,4.27182E+11
1512712800,1.62444E+11,2.67391E+11,4.29835E+11
1512799200,1.41674E+11,2.28308E+11,3.69982E+11
1512885600,1.55936E+11,2.82102E+11,4.38038E+11
1512972000,1.71429E+11,2.83448E+11,4.54877E+11
1513058400,2.0005E+11,2.842E+11,4.8425E+11
1513144800,2.28248E+11,2.75065E+11,5.03313E+11
1513231200,2.25127E+11,2.90505E+11,5.15632E+11
1513317600,2.33619E+11,3.02074E+11,5.35693E+11
1513404000,2.54765E+11,3.30947E+11,5.85712E+11
1513490400,2.56915E+11,3.20062E+11,5.76977E+11
1513576800,3.07347E+11,3.19142E+11,6.26489E+11
1513663200,3.08687E+11,2.83516E+11,5.92203E+11
1513749600,3.42212E+11,2.87418E+11,6.2963E+11
1513836000,2.46784E+11,2.19154E+11,4.65938E+11
1513922400,2.96518E+11,2.42017E+11,5.38535E+11
1514008800,2.95263E+11,2.40866E+11,5.36129E+11
1514095200,2.96542E+11,2.34306E+11,5.30848E+11
1514181600,3.12019E+11,2.58367E+11,5.70386E+11
1514268000,3.24033E+11,2.78717E+11,6.0275E+11
1514354400,3.00012E+11,2.43805E+11,5.43817E+11
1514440800,3.14668E+11,2.49739E+11,5.64407E+11
1514527200,3.62784E+11,2.32405E+11,5.95189E+11
1514613600,3.35778E+11,2.19331E+11,5.55109E+11
1514700000,3.62138E+11,2.35716E+11,5.97854E+11
1514786400,3.82381E+11,2.26145E+11,6.08526E+11
1514872800,4.23929E+11,2.60894E+11,6.84823E+11
1514959200,4.87049E+11,2.51512E+11,7.38561E+11
1515045600,4.84464E+11,2.59201E+11,7.43665E+11
1515132000,4.76975E+11,2.84493E+11,7.61468E+11
1515218400,5.0868E+11,2.84822E+11,7.93502E+11
1515304800,4.81422E+11,2.70726E+11,7.52148E+11
1515391200,4.64592E+11,2.55411E+11,7.20003E+11
1515477600,4.34929E+11,2.40912E+11,6.75841E+11
1515564000,4.15272E+11,2.30426E+11,6.45698E+11
1515650400,4.393E+11,2.34075E+11,6.73375E+11
1515736800,4.72141E+11,2.42973E+11,7.15114E+11
1515823200,4.54293E+11,2.34672E+11,6.88965E+11
1515909600,4.48266E+11,2.33378E+11,6.81644E+11
1515996000,3.98514E+11,2.23492E+11,6.22006E+11
1516082400,3.28552E+11,1.93373E+11,5.21925E+11
1516168800,3.2651E+11,1.93373E+11,5.19883E+11
1516255200,4.79931E+11,1.94186E+11,6.74117E+11
1516341600,3.73636E+11,2.13509E+11,5.87145E+11
1516428000,3.47974E+11,2.02031E+11,5.50005E+11
1516514400,3.45852E+11,1.97279E+11,5.43131E+11
1516600800,3.07236E+11,1.75041E+11,4.82277E+11
1516687200,3.26742E+11,1.85588E+11,5.1233E+11
1516773600,3.47128E+11,1.93594E+11,5.40722E+11
1516860000,3.32636E+11,1.90039E+11,5.22675E+11
1516946400,3.33119E+11,1.89011E+11,5.2213E+11
1517032800,3.61881E+11,2.02062E+11,5.63943E+11
1517119200,3.56108E+11,1.90983E+11,5.47091E+11
1517205600,3.45289E+11,1.8612E+11,5.31409E+11
1517292000,3.17577E+11,1.72437E+11,4.90014E+11
1517378400,3.22489E+11,1.71296E+11,4.93785E+11
1517464800,2.44638E+11,1.44601E+11,3.89239E+11
1517551200,2.49613E+11,1.4577E+11,3.95383E+11
1517637600,2.75254E+11,1.55443E+11,4.30697E+11
1517724000,2.33141E+11,1.35936E+11,3.69077E+11
1517810400,1.65309E+11,1.02687E+11,2.67996E+11
1517896800,2.14801E+11,1.25621E+11,3.40422E+11
1517983200,2.29527E+11,1.36475E+11,3.66002E+11
1518069600,2.36481E+11,1.35833E+11,3.72314E+11
1518156000,2.85897E+11,1.52791E+11,4.38688E+11
1518242400,2.40204E+11,1.36599E+11,3.76803E+11
1518328800,2.58354E+11,1.44163E+11,4.02517E+11
1518415200,2.58881E+11,1.4799E+11,4.06871E+11
1518501600,2.64304E+11,1.49993E+11,4.14297E+11
1518588000,2.87262E+11,1.64765E+11,4.52027E+11
1518674400,2.84707E+11,1.67572E+11,4.52279E+11
1518760800,2.99696E+11,1.81481E+11,4.81177E+11
1518847200,2.92234E+11,1.79898E+11,4.72132E+11
1518933600,2.93894E+11,1.83785E+11,4.77679E+11
1519020000,2.9855E+11,1.97082E+11,4.95632E+11
1519106400,2.75875E+11,1.9012E+11,4.65995E+11
1519192800,2.64648E+11,1.82689E+11,4.47337E+11
1519279200,2.49535E+11,1.68518E+11,4.18053E+11
1519365600,2.54644E+11,1.71484E+11,4.26128E+11
1519452000,2.52534E+11,1.67294E+11,4.19828E+11
1519538400,2.47002E+11,1.61175E+11,4.08177E+11
1519624800,2.60459E+11,1.75646E+11,4.36105E+11
1519711200,2.58339E+11,1.83005E+11,4.41344E+11
1519797600,2.50999E+11,1.78473E+11,4.29472E+11
1519884000,2.54883E+11,1.87317E+11,4.422E+11
1519970400,2.52685E+11,1.92414E+11,4.45099E+11
1520056800,2.46294E+11,1.88565E+11,4.34859E+11
1520143200,2.59743E+11,1.95264E+11,4.55007E+11
1520229600,2.50637E+11,1.91282E+11,4.41919E+11
1520316000,2.29976E+11,1.77675E+11,4.07651E+11
1520402400,2.2108E+11,1.69536E+11,3.90616E+11
1520488800,1.96455E+11,1.50428E+11,3.46883E+11
1520575200,2.58774E+11,1.60093E+11,4.18867E+11
1520661600,2.00464E+11,1.49587E+11,3.50051E+11
1520748000,2.1258E+11,1.63735E+11,3.76315E+11
1520830800,2.07398E+11,1.59207E+11,3.66605E+11
1520917200,2.03545E+11,1.55499E+11,3.59044E+11
1521003600,1.67398E+11,1.3292E+11,3.00318E+11
1521090000,1.775E+11,1.39605E+11,3.17105E+11
1521176400,1.75027E+11,1.38667E+11,3.13694E+11
1521262800,1.54008E+11,1.3066E+11,2.84668E+11
1521349200,1.65378E+11,1.40643E+11,3.06021E+11
1521435600,1.73421E+11,1.44986E+11,3.18407E+11
1521522000,1.85954E+11,1.54119E+11,3.40073E+11
1521608400,1.8349E+11,1.53126E+11,3.36616E+11
1521694800,1.67913E+11,1.43094E+11,3.11007E+11
1521781200,1.77125E+11,1.51137E+11,3.28262E+11
1521867600,1.71418E+11,1.45743E+11,3.17161E+11
1521954000,1.71508E+11,1.43929E+11,3.15437E+11
1522040400,1.56037E+11,1.35829E+11,2.91866E+11
1522126800,1.53802E+11,1.3428E+11,2.88082E+11
1522213200,1.44721E+11,1.29555E+11,2.74276E+11
1522299600,1.36489E+11,1.21157E+11,2.57646E+11
1522386000,1.34796E+11,1.17738E+11,2.52534E+11
1522472400,1.32342E+11,1.16695E+11,2.49037E+11
1522558800,1.30469E+11,1.18017E+11,2.48486E+11
1522645200,1.38741E+11,1.25239E+11,2.6398E+11
1522731600,1.41462E+11,1.25678E+11,2.6714E+11
1522818000,1.312E+11,1.16249E+11,2.47449E+11
1522904400,1.26544E+11,1.11996E+11,2.3854E+11
1522990800,1.31259E+11,1.16733E+11,2.47992E+11
1523077200,1.32521E+11,1.18101E+11,2.50622E+11
1523163600,1.38199E+11,1.20732E+11,2.58931E+11
1523250000,1.34037E+11,1.1464E+11,2.48677E+11
1523336400,1.37547E+11,1.1597E+11,2.53517E+11
1523422800,1.45245E+11,1.18178E+11,2.63423E+11
1523509200,1.6579E+11,1.32526E+11,2.98316E+11
1523595600,1.68693E+11,1.35763E+11,3.04456E+11
1523682000,1.72228E+11,1.37425E+11,3.09653E+11
1523768400,1.72598E+11,1.37041E+11,3.09639E+11
1523854800,1.75268E+11,1.36229E+11,3.11497E+11
1523941200,1.77551E+11,1.34987E+11,3.12538E+11
1524027600,1.91216E+11,1.39355E+11,3.30571E+11
1524114000,2.03267E+11,1.40947E+11,3.44214E+11
1524200400,2.21243E+11,1.51389E+11,3.72632E+11
1524286800,2.16135E+11,1.50705E+11,3.6684E+11
1524373200,2.24928E+11,1.50526E+11,3.75454E+11
1524459600,2.41768E+11,1.5713E+11,3.98898E+11
1524546000,2.36174E+11,1.60949E+11,3.97123E+11
1524632400,2.24744E+11,1.51181E+11,3.75925E+11
1524718800,2.36724E+11,1.57217E+11,3.93941E+11
1524805200,2.40663E+11,1.56075E+11,3.96738E+11
1524891600,2.56297E+11,1.60668E+11,4.16965E+11
1524978000,2.49979E+11,1.58221E+11,4.082E+11
1525064400,2.37118E+11,1.52816E+11,3.89934E+11
1525150800,2.48024E+11,1.55031E+11,4.03055E+11
1525237200,2.56529E+11,1.5674E+11,4.13269E+11
1525323600,2.65452E+11,1.63742E+11,4.29194E+11
1525410000,2.73299E+11,1.66822E+11,4.40121E+11
1525496400,2.64562E+11,1.63578E+11,4.2814E+11
1525582800,2.55601E+11,1.59548E+11,4.15149E+11
1525669200,2.61185E+11,1.5942E+11,4.20605E+11
1525755600,2.46015E+11,1.5468E+11,4.00695E+11
1525842000,2.53908E+11,1.58724E+11,4.12632E+11
1525928400,2.40798E+11,1.53165E+11,3.93963E+11
1526014800,2.08456E+11,1.40535E+11,3.48991E+11
1526101200,2.24057E+11,1.43862E+11,3.67919E+11
1526187600,2.2868E+11,1.43806E+11,3.72486E+11
1526274000,2.38384E+11,1.49476E+11,3.8786E+11
1526360400,2.16847E+11,1.40505E+11,3.57352E+11
1526446800,2.24925E+11,1.42732E+11,3.67657E+11
1526533200,2.10908E+11,1.37199E+11,3.48107E+11
1526619600,2.15464E+11,1.40652E+11,3.56116E+11
1526706000,2.18644E+11,1.41061E+11,3.59705E+11
1526792400,2.2448E+11,1.44897E+11,3.69377E+11
1526878800,2.16152E+11,1.42483E+11,3.58635E+11
1526965200,2.00743E+11,1.35959E+11,3.36702E+11
1527051600,1.90074E+11,1.31376E+11,3.2145E+11
1527138000,1.94391E+11,1.30229E+11,3.2462E+11
1527224400,1.8716E+11,1.27198E+11,3.14358E+11
1527310800,1.8419E+11,1.24979E+11,3.09169E+11
1527397200,1.74341E+11,1.22987E+11,2.97328E+11
1527483600,1.67907E+11,1.21685E+11,2.89592E+11
1527570000,1.8556E+11,1.28777E+11,3.14337E+11
1527656400,1.86301E+11,1.28843E+11,3.15144E+11
1527742800,1.8746E+11,1.2897E+11,3.1643E+11
1527829200,1.87895E+11,1.28146E+11,3.16041E+11
1527915600,1.96823E+11,1.30702E+11,3.27525E+11
1528002000,1.97527E+11,1.30962E+11,3.28489E+11
1528088400,1.90875E+11,1.27212E+11,3.18087E+11
1528174800,1.97502E+11,1.30471E+11,3.27973E+11
1528261200,1.98806E+11,1.31655E+11,3.30461E+11
1528347600,1.95412E+11,1.30584E+11,3.25996E+11
1528434000,1.97423E+11,1.31262E+11,3.28685E+11
1528520400,1.84729E+11,1.25262E+11,3.09991E+11
1528606800,1.6849E+11,1.16051E+11,2.84541E+11
1528693200,1.69933E+11,1.17641E+11,2.87574E+11
1528779600,1.57143E+11,1.1278E+11,2.69923E+11
1528866000,1.55292E+11,1.11289E+11,2.66581E+11
1528952400,1.59098E+11,1.13184E+11,2.72282E+11
1529038800,1.55349E+11,1.1127E+11,2.66619E+11
1529125200,1.56295E+11,1.12222E+11,2.68517E+11
1529211600,1.53197E+11,1.109E+11,2.64097E+11
1529298000,1.5851E+11,1.1515E+11,2.7366E+11
1529384400,1.56835E+11,1.13534E+11,2.70369E+11
1529470800,1.61436E+11,1.15716E+11,2.77152E+11
1529557200,1.54932E+11,1.14013E+11,2.68945E+11
1529643600,1.37358E+11,1.03888E+11,2.41246E+11
1529730000,1.2822E+11,1.00324E+11,2.28544E+11
1529816400,1.35671E+11,1.05791E+11,2.41462E+11
1529902800,1.37338E+11,1.07262E+11,2.446E+11
1529989200,1.30176E+11,1.04433E+11,2.34609E+11
1530075600,1.30832E+11,1.04887E+11,2.35719E+11
1530162000,1.24951E+11,1.0122E+11,2.26171E+11
1530248400,1.35928E+11,1.09761E+11,2.45689E+11
1530334800,1.35937E+11,1.09431E+11,2.45368E+11
1530421200,1.34898E+11,1.08261E+11,2.43159E+11
1530507600,1.48319E+11,1.13745E+11,2.62064E+11
1530594000,1.41476E+11,1.11523E+11,2.52999E+11
1530680400,1.4734E+11,1.14257E+11,2.61597E+11
1530766800,1.40531E+11,1.12659E+11,2.5319E+11
1530853200,1.42605E+11,1.13672E+11,2.56277E+11
1530939600,1.48302E+11,1.17005E+11,2.65307E+11
1531026000,1.45328E+11,1.16072E+11,2.614E+11
1531112400,1.3767E+11,1.14739E+11,2.52409E+11
1531198800,1.29155E+11,1.08598E+11,2.37753E+11
1531285200,1.29718E+11,1.07321E+11,2.37039E+11
1531371600,1.31125E+11,1.07231E+11,2.38356E+11
1531458000,1.30388E+11,1.07109E+11,2.37497E+11
1531544400,1.31936E+11,1.07993E+11,2.39929E+11
1531630800,1.35349E+11,1.09513E+11,2.44862E+11
1531717200,1.43094E+11,1.14871E+11,2.57965E+11
1531803600,1.56678E+11,1.27859E+11,2.84537E+11
1531890000,1.49473E+11,1.26111E+11,2.75584E+11
1531976400,1.43057E+11,1.27474E+11,2.70531E+11
1532062800,1.40882E+11,1.25975E+11,2.66857E+11
1532149200,1.42192E+11,1.26928E+11,2.6912E+11
1532235600,1.45381E+11,1.31376E+11,2.76757E+11
1532322000,1.44465E+11,1.36822E+11,2.81287E+11
1532408400,1.46716E+11,1.41905E+11,2.88621E+11
1532494800,1.482E+11,1.40945E+11,2.89145E+11
1532581200,1.42679E+11,1.35983E+11,2.78662E+11
1532667600,1.44772E+11,1.40512E+11,2.85284E+11
1532754000,1.44506E+11,1.40982E+11,2.85488E+11
1532840400,1.42967E+11,1.40099E+11,2.83066E+11
1532926800,1.38743E+11,1.40066E+11,2.78809E+11
1533013200,1.30446E+11,1.30199E+11,2.60645E+11
1533099600,1.31312E+11,1.30268E+11,2.6158E+11
1533186000,1.2604E+11,1.26853E+11,2.52893E+11
1533272400,1.22206E+11,1.23437E+11,2.45643E+11
1533358800,1.18372E+11,1.20022E+11,2.38394E+11
1533445200,1.14538E+11,1.16606E+11,2.31144E+11
1533531600,1.10704E+11,1.13191E+11,2.23895E+11
1533618000,1.22102E+11,1.12946E+11,2.35048E+11
1533704400,1.08075E+11,1.09775E+11,2.1785E+11
1533790800,1.0755E+11,1.11235E+11,2.18785E+11
1533877200,96032180197,1.05396E+11,2.01428E+11
1533963600,98928125829,1.09312E+11,2.0824E+11
1534050000,97761375948,1.11026E+11,2.08787E+11
1534136400,82112823081,1.03562E+11,1.85675E+11
1534222800,87914657163,1.09027E+11,1.96942E+11
1534309200,87648099913,1.08806E+11,1.96454E+11
1534395600,93321510162,1.11735E+11,2.05057E+11
1534482000,99213867456,1.12628E+11,2.11842E+11
1534568400,95281843929,1.10558E+11,2.0584E+11
1534654800,97301585965,1.11802E+11,2.09104E+11
1534741200,91426630852,1.10131E+11,2.01558E+11
1534827600,96072884960,1.15381E+11,2.11454E+11
1534914000,89859290579,1.11232E+11,2.01091E+11
1535000400,91353928039,1.12426E+11,2.0378E+11
1535086800,92816832300,1.16027E+11,2.08844E+11
1535173200,90931218046,1.14272E+11,2.05203E+11
1535259600,94351258243,1.15947E+11,2.10298E+11
1535346000,98079314396,1.19269E+11,2.17348E+11
1535432400,1.00992E+11,1.2185E+11,2.22842E+11
1535518800,98062092301,1.20849E+11,2.18911E+11
1535605200,98151357776,1.20621E+11,2.18772E+11
1535691600,1.01231E+11,1.21486E+11,2.22717E+11
1535778000,1.05115E+11,1.25241E+11,2.30356E+11
1535864400,1.02437E+11,1.24824E+11,2.27261E+11
1535950800,1.02725E+11,1.25768E+11,2.28493E+11
1536037200,1.03222E+11,1.27045E+11,2.30267E+11
1536123600,84522474254,1.114E+11,1.95922E+11
1536210000,87586503703,1.12861E+11,2.00448E+11
1536296400,84904161961,1.12228E+11,1.97132E+11
1536382800,78300880012,1.07453E+11,1.85754E+11
1536469200,80287162964,1.09052E+11,1.89339E+11
1536555600,79531599776,1.10013E+11,1.89545E+11
1536642000,73759258837,1.08873E+11,1.82632E+11
1536728400,74107586934,1.09252E+11,1.8336E+11
